001	假设一个月服务费25元、加购10元、付款手续费1元，实际支出为36元。若只用到60GB，实际用量成本是0.60元/GB；不能用标称150GB算出0.24元/GB后，声称自己已经获得同等收益。	服务费与加购	实际活跃月份	必要功能的满足情况
002	假设月付25元、年付240元，年付只有在使用超过9.6个月时才低于按使用月份购买的月付总额。只用8个月，月付合计200元，反而比年付少40元。计算尚未包含退款与服务中断的影响。	年付一次性实付	预计活跃月数	退款与续费规则
003	假设每月预算30元，其中预留5元处理临时加购，基础套餐上限就是25元。一个标价29元的方案即使流量更多，也挤占了应急预算；先确认必要地区和客户端，再看容量是否足够。	基础支出上限	备用支出	无法妥协的使用条件
004	假设按量包100元100GB、月包20元100GB。如果一年只有三个月各用20GB，三次月包共60元；按量并非天然便宜。如果需求分散在十个月，每月只用5GB，按量的跨周期价值才值得讨论，前提是有效期明确。	总额度有效期	每月使用频率	周期包到期处理
005	假设从25元套餐升级到50元套餐，确认页要求重新支付50元且原余额不抵扣，本次现金支出就不是25元。若只是月底缺少20GB，应该把加购、提前重置与升级分别列为独立选项。	升级即时实付	原套餐余额处理	升级后的到期与重置日
006	假设10元加购50GB，新增容量单价为0.20元/GB；升档多付15元增加100GB，增量单价为0.15元/GB。若实际只缺10GB，较低的增量单价仍不代表较少的现金支出，且两者的有效期可能不同。	新增实付金额	新增有效额度	剩余可用天数
007	假设180元年包只在三个月使用，按活跃月分摊为60元/月。25元月包购买三次仅75元。已经支付的年费属于沉没支出，下一周期应根据使用记录重新选择，不能为提高利用率制造额外需求。	过去的活跃月份	实际任务频次	未用额度是否结转
008	假设页面写9元起，但仅限年付108元且不支持退款。读者需要支付的是108元，并非可以只付9元试用；与月付套餐比较时，要同时列出首次现金支出和费用覆盖的时间窗口。	展示价格对应周期	首次结算总额	首购和限量条件
009	假设允许安装5台设备、同时在线2台，但禁止共享账号。两个人各使用一台并不能据此判断合规；设备上限、并发上限与用户授权是三项条款，需要逐项确认。	安装设备数	同时在线连接数	账号共享许可
010	假设试用只有两个节点和1GB额度，付费档开放更多节点。试用可以验证导入、基础连接和少量实际任务，不能据此证明未开放节点的晚高峰表现。购买前把试用范围与目标套餐逐项对应。	试用节点与正式节点	测试时段	试用速度或额度限制
011	假设月额度200GB、实际使用80GB，利用率40%。若关键会议没有中断，低利用率可能包含合理余量；若每月只用10GB且没有特殊需求，降低档位才有具体依据。容量利用率与任务完成率应分别记录。	实际用量与可用额度	超额或加购次数	关键任务完成情况
012	按单位定义，1GB是1,000,000,000字节，1GiB是1,073,741,824字节。标称100GB换算约93.13GiB。这一差异只能解释单位转换，不能单独解释倍率、后台统计延迟或重复同步造成的扣费差异。	后台计量单位	设备统计单位	同一任务的前后余额
013	假设一次文件同步下载2GB、上传0.5GB，如果服务按上下行合计扣费，基础用量就是2.5GB；如果另有节点倍率，扣减还需要按具体规则计算。只查看浏览器下载量会遗漏上传部分。	上传与下载分别计量	服务计费方向	后台同步任务
014	假设常用节点倍率为2，150GB套餐在只使用这个节点且无其他扣费条件时，对应约75GB原始传输量。若一半流量走倍率1、另一半走倍率2，则不能直接把全部额度除以2，必须按任务分组计算。	具体节点倍率	各节点传输量占比	额度扣减规则
015	假设10月8日购买，面板显示11月8日重置，说明该账号记录不是简单按自然月处理。还要看10月31日到期还是11月8日到期：到期日期与重置日期可能不同，不能互相替代。	下次重置时间	服务方时区	套餐到期时间
016	假设一次固定画质播放20分钟消耗0.6GB，保持同类内容和设置时，1小时规划量约1.8GB，20小时约36GB。换画质或设备后应重新取样；这不是对某个平台的固定流量承诺。	实际画质设置	有效观看时长	预加载与缓存行为
017	假设一次1小时会议上下行共消耗1.2GB，每月20次同类会议，基础规划为24GB。摄像头人数或共享画面变化会改变样本；余量应根据自己会议延长和重连记录调整，而非套用统一倍数。	摄像头与共享状态	会议持续时间	上行与下行统计
018	假设首次照片备份上传40GB，之后每月新增2GB。如果把首次同步当作月度常态，会显著高估年需求。把首次全量、增量与失败重传分开记录，再检查哪些任务确实经过代理。	首次全量大小	周期增量大小	备份的实际网络路径
019	假设持续30秒的下载测试平均200Mbps，理论传输数据约750MB，即0.75GB。重复十次约7.5GB，还未计上传测试与倍率。测速样本应服务于具体问题，不应成为日常流量的主要来源。	测试速率与持续时间	测速次数	测速前后后台余额
020	假设电脑在1至30日用40GB、手机在8日至次月7日用20GB，这两个数不属于同一统计窗口。先对齐重置周期，再汇总设备任务；账号后台余额用于核对套餐扣减，设备统计用于定位来源。	各设备统计窗口	账号额度重置日	设备任务类型
021	假设条款允许最多结转50GB，月末剩余80GB，也不能把次月额度默认增加80GB。还要确认结转额度先扣还是后扣，以及再次结转是否允许；这些条款会决定剩余流量的实际价值。	结转上限	结转有效期	更换套餐后的处理
022	假设后台一小时减少8GB，而浏览器只下载1GB。先排查云盘同步、系统更新、其他设备和测速；关闭这些任务后用固定小文件复测。出现可重复差异再提交工单，而不是凭一个余额截图认定异常计费。	余额变化时间窗口	全部在线设备	同步与更新日志
023	假设A有一张500Mbps截图，B有一周任务完成率和故障日志，二者不是同一种证据。稳定性分析更需要连续失败记录、恢复方式和环境说明；峰值速度可作为补充指标，却不能替代可用性。	观察周期与样本数	失败事件与恢复时间	地区和运营商分组
024	假设你实际在21至23点工作，就在这一窗口固定同节点、同任务采样，并安排非高峰对照。周一与周六结果可能不同，应分别保留日期；不能把白天最好的成绩填入晚高峰结论。	高峰窗口	非高峰对照	相同任务的完成结果
025	假设两组延迟均值都是80ms，A多数在75至85ms，B在20至140ms间变化。平均值相同并不表示体验相同，实时任务还需要看波动与卡顿。不同目标或不同探测协议的样本不可直接混合。	连续延迟样本	测量目标与方式	任务卡顿时间
026	假设某个探测目标丢包20%，实际网页请求持续成功。可能是该目标对探测限速，不能据此宣布业务流量也丢失20%。更换目标、协议或接入网络做对照，并把探测结果与真实任务记录分别呈现。	探测协议与目标	发送和响应样本数	真实任务是否失败
027	假设1000次定义一致的探测成功990次，样本成功率为99%。若失败十次都连续发生，就可能存在一次长中断；分散失败的影响不同。报告必须同时列出采样间隔和连续失败长度。	成功条件	总样本与成功样本	最长连续失败段
028	假设一天出现六次10秒中断，与一次60秒中断，总时长都为60秒，但对会议会话的影响可能不同。建立事件表，区分同一故障的重复告警和真正独立事件，再记录是否需要手动切换。	事件开始与结束	恢复方式	被中断的实际任务
029	假设日本节点失败，切到同地区另一个节点后任务恢复，这只能说明替代节点在该时刻可用。若所有节点共享上游故障，切换未必有效；是否共享链路不能仅从名称判断。	异常节点与时间	替代节点	切换后的任务结果
030	假设同一时间、同一节点，在家中网络成功，在手机热点失败。接入网络是重要差异，但设备、DNS与模式也需固定后再判断。结果应按接入条件展示，不能扩展为全国用户的结论。	地区与接入运营商	同时间同目标对照	无法固定的环境差异
031	假设笔记本无线连接卡顿，有线复测正常，而直连任务也在无线环境中变慢。优先处理本地信号、干扰或路由器负载，再评价代理节点；观察结果并不能仅凭一次复测确定某个硬件故障。	有线与无线对照	直连任务表现	频段与在线设备数量
032	假设20:00首次失败，20:05首次成功，20:08连续正常确认。可以分别报告首次观察恢复耗时5分钟、确认恢复耗时8分钟；真实故障起点未知时，不把20:00自动当作服务实际故障开始时间。	首次观察失败	首次恢复成功	持续正常确认
033	假设客户端在第三天更新，随后延迟改变，前后样本应划分阶段。固定表格字段并记录配置变更，可以判断趋势来自服务变化还是环境变化；不要为了让曲线平滑而删去失败样本。	配置变更日期	固定任务结果	异常原因与处理
034	假设报告结论是会议可用，但缺少会议时长、网络和失败定义，读者无法复核。完整报告应让套餐、环境、任务、原始记录和结论一一对应，未测试的平台明确列在范围之外。	购买与套餐信息	方法与原始样本	结论适用范围
035	假设A测试时云盘在上传，B测试时后台空闲，结果不适合直接排序。固定设备与后台负载，记录无线或有线、客户端版本和测试目标；不可控制的变量应在限制栏说明。	后台负载	设备与网络接入	被测目标与版本
036	理论上100Mbps除以8约为12.5MB/s；文件下载显示10MB/s并不等于只达到宣传数字的十分之一。先统一单位，再考虑协议开销、目标限制与测量窗口，且宣传带宽不是实测承诺。	结果单位	工具计算方式	平均或瞬时速率
037	假设同一节点三次结果为50、200、60Mbps，只挑200Mbps会严重改变读者判断。先确认条件是否一致，再展示全部样本和时间；是否剔除异常必须有预先说明的规则。	全部样本	各次采样时刻	异常剔除依据
038	假设五个吞吐样本为40、45、50、55、300，平均值98，中位数50。中位数更接近多数样本，但300也应保留用于解释波动；两项统计都无法补救不同环境被混合的问题。	样本数量	中位数与平均值	最大最小值及环境
039	假设任务是上传一个有权访问的200MB文件，成功条件定义为上传完成并可读取。记录耗时、重试和目标限制，比只显示连接成功更能解释实际体验；大小不同的任务应分开比较。	任务规模	预先定义的成功条件	失败与重试次数
040	假设服务列有20个日本节点，仅测试一个常用节点，结论就只覆盖这一样本。抽样需说明依据和未覆盖范围；若要比较地区，至少保持任务和时间窗口一致，并公开每个地区的样本数。	抽样依据	被测节点数量	未覆盖地区与节点
041	假设截图只有一个速度数字，没有时间和目标，最多是一份辅助材料。截图应与带编号的原始记录对应；遮盖个人IP和令牌后，仍保留单位、时间和足够的环境信息。	截图对应样本编号	时间目标与单位	需要遮盖的敏感区域
042	假设官网写1Gbps，而任务平均只得到80Mbps，两者分别是宣传配置和观察结果。记录两种来源，不替服务方推测容量或拥塞原因；还需确认目标、本地网络及套餐限制是否影响测量。	宣传原文与日期	实际测试环境	观察结果与限制
043	假设办公用户给稳定性60%、预算25%、容量15%，下载用户可能采用另一组权重。先提供各项原始指标，再计算同口径总分；未测试的稳定性不能为了凑分数填成满分或零分。	各项权重	归一化方式	缺失项处理
044	假设只有价目表和优惠码，可以写套餐结构与付款核对，却不能写实测延迟和解锁表现。发布时将资料分析作为内容类型，补齐原始日志后再新增实测报告，不回填虚构历史结果。	已取得资料	尚未完成测试	升级为实测所需证据
045	假设节点标为香港，出口查询显示另一地区，需要保留查询来源和时间。出口服务的数据库也可能不一致；节点标签、数据库归属和目标平台识别应分别记录，不能互相代替。	节点名称	出口查询来源	目标平台识别结果
046	假设宣传页写专线，但小套餐只允许部分节点。购买前要确认具体适用节点、倍率与限制；线路描述明确后，仍需在自己的接入网络验证任务表现，不能将宣传术语直接转成速度评分。	适用节点与套餐	资料说明版本	高峰任务观察
047	假设中转路径延迟较高却下载更稳定，而直连路径首响应快但高峰波动大。结果可以显示不同任务取舍，不应只按延迟宣布某种架构必然更好；固定出口地区后再做对照。	出口地区	同任务同窗口	延迟与持续吞吐
048	假设面板有100个节点，但常用地区只有一个可用候选，数量没有提供必要冗余。应统计符合你需求的实际候选，再看失败时是否有可验证替代；不同名字不证明链路独立。	必要地区候选数	实际任务可用节点	替代节点验证
049	假设切换节点后业务账号要求重新验证，影响的是该平台的会话与风控行为。保持常用节点可减少无谓变化，但不保证出口永久固定；不要频繁触发登录验证来证明某个服务能力。	切换前后出口	平台提示	会话是否继续
050	假设IPv4请求成功、IPv6请求失败，应保留双栈设置与客户端版本。先确定应用实际采用哪条路径，再做单变量对照；从一种协议族结果无法推导另一种同样可用。	协议族	客户端与规则版本	应用实际请求路径
051	假设域名无法解析，与能解析但连接超时，是两种故障阶段。先记录解析结果，再看规则、连接日志和目标行为；同时更换DNS、节点和模式会破坏判断依据。	域名解析结果	匹配规则与路径	连接阶段错误
052	假设浏览器遵循系统代理而某个应用不遵循，两者可能走不同路径。全局策略名称不代表所有流量已经接管；观察客户端连接记录和具体任务，再判断配置是否覆盖目标应用。	被接管的应用	实际匹配策略	目标任务结果
053	假设网页访问成功但某个UDP任务失败，不能据此认定所有UDP都不支持。需要同时核对协议、客户端版本、服务端说明与目标网络；用确实需要UDP的任务做验证。	实际任务使用协议	客户端与服务说明	网络和目标限制
054	假设A面板负载30%、B面板负载20%，若计算基数、更新时间不同，百分比不能用于直接排名。把负载当成切换线索，并用同任务确认；页面刷新并不保证指标实时。	负载指标定义	更新时刻	任务对照结果
055	假设节点名称从普通线路改成专线，但没有变更说明。保存原名称、新名称和配置时间，再按原测试方法复测；名称变化不证明路径、容量或稳定性同步改善。	新旧名称对应	配置或公告日期	同条件复测样本
056	假设两个链接都能打开网页，一个是公开入口，一个含账号订阅令牌。用途不同：公开入口可以放在品牌档案，私人订阅只用于可信客户端；不能把后者放进公开收藏夹、截图或仓库。	链接用途	是否含个人令牌	可公开或需保密
057	假设客户端下载成功却导入报错，先分辨收到的是配置、登录页还是错误提示。核对来源、格式与版本，再看解析错误；不要把含私人令牌的完整内容交给不明网站尝试转换。	响应内容类型	客户端支持格式	脱敏错误位置
058	假设Windows上浏览器可用，某应用不可用，应先确认该应用是否使用系统代理或由其他模式接管。安装前记录官方来源和恢复方法；客户端品牌名与服务套餐的兼容性需要独立确认。	官方安装来源	受接管应用范围	退出后的网络恢复
059	假设macOS更新后网络扩展不能启动，先核对应用对当前系统版本的支持和官方说明。不要通过替换来源不明的签名或关闭系统保护掩盖兼容问题；保留更新前配置便于回退。	系统与应用版本	权限与扩展状态	官方兼容说明
060	假设Android亮屏正常、锁屏后任务中断，先记录时间与系统后台策略，再检查日志。针对这个应用核对必要设置，不把全局关闭电池优化当成通用结论；更换系统版本后应重新观察。	锁屏与唤醒时刻	后台连接记录	设备系统版本
061	假设服务给出桌面配置文件，iOS客户端无法解析，应先查该应用支持的格式和服务方适配入口。客户端购买、导入成功和实际任务成功是三件事；不能依据其他系统的截图推断iOS体验。	客户端支持格式	系统兼容说明	导入后节点与规则
062	假设JSON语法有效但某字段在当前版本不支持，单纯删除报错字段可能改变路由。先备份并核对官方配置结构、迁移说明和检查结果；语法通过只说明配置可解析，不证明任务路径符合预期。	实际版本	字段位置与日志	修改前配置副本
063	假设订阅下载成功但解析失败，重点是响应内容和配置格式；如果下载阶段失败，重点是URL、网络与账号状态。先分阶段定位，再核对Mihomo相关格式，避免无目的反复刷新。	下载或解析阶段	脱敏错误文本	实际内核与配置格式
064	假设新版本改变了配置字段，已有副本可以帮助对照，但不意味着旧版本永远安全或可运行。备份节点、规则与版本信息，查更新说明后验证任务；私人配置不能进入公开仓库。	更新前版本	私有配置副本	更新后的任务验证
065	假设开启系统代理后浏览器可用、某应用仍直连，说明接管范围需要验证。TUN通过虚拟接口参与流量处理，但路由与排除规则仍决定范围；选择模式应依据具体客户端官方文档和任务结果。	模式与权限	路由接管范围	原网络设置
066	假设后台重置订阅后旧地址失效，各设备都需要替换并刷新配置。完成后核对更新时间与节点列表，再删除旧记录；若因泄露而更换，需要确认旧令牌已在服务端失效。	可信新地址来源	全部设备更新状态	旧令牌失效确认
067	假设官网超时但已有节点仍能工作，入口服务与连接服务可能处于不同状态。保存浏览器错误和时间，核对可信公告；不要在搜索到的相似域名直接输入原账号密码。	网址与可信入口	浏览器具体错误	公告与另一网络对照
068	假设客户端提示订阅失效，先查看账号到期、令牌重置和响应内容，再区分下载与解析。频繁刷新不能修正过期令牌；已确认新地址需要在所有设备更新。	账号有效期	令牌是否更换	响应与解析结果
069	假设所有节点都显示超时，而换接入网络后恢复，说明本地接入条件值得继续排查。套餐失效、订阅过旧和服务故障仍需独立检查；一次失败不能直接写成停服公告。	套餐与配置有效性	另一网络对照	可信服务公告
070	假设连接日志成功、目标域名无法解析，先检查DNS；若普通目标正常而某个应用拒绝，则需看目标服务规则。按解析、连接、应用三个阶段记录错误，比同时更换所有设置更容易定位。	解析阶段	连接阶段	应用层响应
071	假设直连下载也慢，优先看本地网络和目标限制；直连正常但多个节点都慢，再对照接入网络与时段。测试文件、并发数和后台任务保持一致，否则无法比较瓶颈位置。	直连基线	不同节点与目标	后台任务与时间
072	假设退出客户端后系统仍指向本地代理端口，浏览器会尝试连接已经不存在的服务。按系统与客户端官方说明检查代理状态，保留配置后恢复正常设置；不需要安装未知的一键修复程序。	系统代理状态	虚拟接口状态	退出前后对照
073	假设证书错误只在相似域名出现，应先停止登录并核对地址；如果多个正常网站同时报时间错误，再检查系统时钟。证书验证不能为了让页面打开而关闭，持续问题通过可信渠道确认。	准确访问域名	系统日期时间	完整证书错误类型
074	假设规则更新后一个域名改走另一策略，日志中的匹配记录可以说明变化。保存新旧版本，再仅对相关任务复测；清空整个规则文件可能扩大影响，也无法解释原问题。	规则版本	目标匹配记录	恢复旧版后的对照
075	假设手机走5GHz无线、电脑走拥挤的2.4GHz，节点相同仍不代表测试条件相同。统一接入网络和目标后，再分别检查客户端模式、同步任务与系统代理，不先给服务端定责。	设备接入条件	版本与模式	后台流量
076	假设工单只写不能用，客服无法知道失败阶段。改为时间、地区、客户端版本、脱敏错误和已做对照，并注明是否所有节点都失败；密码、验证码和完整订阅令牌不属于必要故障描述。	时间与复现步骤	脱敏错误	已尝试的对照
077	假设某次换节点后恢复，但同时重启了路由器，无法确定是哪项起效。复盘表按时间记录每个动作，下一次一次只改变一个变量；原因仍不明确时保留未知，不写成确定故障诊断。	每次排查动作	动作对应结果	首次恢复时间
078	假设私人订阅进入公开截图，第一步是在可信后台重置令牌，再更新设备。删除截图能减少继续传播，却不能让已复制的链接失效；同时查看异常用量与访问记录。	旧令牌失效	设备更新完成	异常用量观察
079	假设推广域名会跳转到另一个登录面板，需核对落地地址和可信服务渠道。HTTPS表示连接使用证书保护，并不独自证明站点属于目标品牌；不要仅凭相似名字付款。	原入口与落地地址	可信确认渠道	登录或收款主体
080	假设配置删除了账号名，但仍包含令牌或服务器凭据，公开后仍有资源被使用的风险。分享时提供字段结构和脱敏错误即可；曾经进入公开历史的密钥需要失效处理。	订阅令牌	账号或服务器凭据	历史公开记录
081	假设截图主体已遮盖IP，但地址栏与侧边日志保留了订阅URL，仍会泄露配置。检查整张图的边缘、文件名和二维码，再导出对外版本；私有原始证据单独保存。	地址栏与二维码	日志与文件名	账号和IP字段
082	假设转换站要求完整订阅URL，它可能读取全部配置。优先确认服务是否提供目标格式或使用可信本地方案；工具来源和处理方式不明时，不应只因转换成功就认定安全。	工具来源	数据是否离开设备	格式兼容与替代方案
083	假设套餐页显示25元，付款页显示30元，先看额外项目和收款对象再决定。订单编号、周期、金额与条款同时保存；实际扣款与订单小计不一致，需要及时核对而非反复付款。	最终订单合计	收款对象	套餐周期与续费
084	假设客服要求发送短信验证码来排查节点问题，这类信息与网络排查缺少合理关联。先通过已确认渠道询问用途，只提供脱敏日志与必要账号标识；未知远程程序也可能接触更多资料。	沟通渠道	请求用途	最小必要信息
085	假设把账号密码和优惠码写在同一个公开表格，会使公开营销信息与私人凭据混在一起。凭据放在受保护的管理工具，优惠码独立记录来源、大小写、核对日期和适用范围。	凭据存放位置	优惠码来源	两类资料访问权限
086	假设使用代理后继续登录实名账号，目标平台仍知道账号身份。连接路径变化不等于浏览器指纹、账号、付款记录和服务日志消失；匿名判断必须说明威胁模型与实际证据。	账号登录状态	服务数据处理	可验证的隐私承诺
087	假设政策只写保护隐私，却不说明日志期限和共享对象，不能推断完全不记录。分别检查账号、付款、连接记录的处理方式，保留政策版本；缺失条款应成为进一步询问项。	收集数据类型	保存期限与共享对象	删除请求渠道
088	假设旧手机已经清空应用但账号会话仍有效，需在可信后台检查设备或会话管理。新设备验证正常后，再退出旧设备、清理配置，必要时更换密钥；转让设备按系统说明清除个人数据。	旧设备会话	本地配置清理	新设备验证结果
089	假设优惠码能复制，但结算页提示仅限年付，月付订单就不能按折后价规划。记录原价、折扣项目、最终实付与资格；代码存在和订单实际减价是两项不同记录。	适用套餐与周期	资格条件	输入后的订单金额
090	假设首月25元打八折为20元，随后11个月按25元续费，全年合计295元，而非240元。比较时写出优惠持续时间与恢复原价，不把首购价格当成长周期常规支出。	首购适用次数	续费原价	完整周期合计
091	假设推广链接包含code，但结算金额没有变化，不能认定已经享受折扣。推广归因与优惠抵扣可能由不同字段处理；尝试优惠码后以同一订单的最终金额和提示为依据。	推广入口	优惠代码提示	最终抵扣项目
092	假设提示套餐不适用，大小写正确也不能解决资格问题。先检查错误类型、周期、首购资格与活动期限，再通过可信渠道确认；不要无目的更换账号来试探规则。	错误提示	适用周期	活动和账号资格
093	假设订单100元，八折实付80元，减30元实付70元；订单200元时八折实付160元，减30元实付170元。忽略门槛和封顶时，两者交点是150元；真实活动还需加入对应限制。	原订单金额	门槛与减免上限	两种方案最终实付
094	假设原码U1S1被输入为u1s1，是否生效取决于服务方是否区分大小写。保持原文本并清理首尾空格即可；本站复制按钮不应附带品牌名、标点或说明文字。	原始代码	首尾空格	实际结算提示
095	假设公告写10月10日23:59结束但没有时区，不能默认按读者所在地计算。保存公告、服务方时区与核对日期；未知结束时间应保持未确认，而非从优惠码录入时间推算。	开始结束日期	服务方时区	公告来源与核对日
096	假设优惠后订单80元，支付通道另收3元，实际支出83元。若另一通道没有费用，差异应在同一币种和同一付款时点比较；不可见的费用不填零。	订单合计	通道手续费	实际扣款与币种
097	假设活动订单明确限制已使用额度后的退款，应在购买前理解范围和申请窗口。不能从优惠力度推测是否支持退款，也不能用另一个品牌的规则替代当前条款。	退款申请期限	已使用额度处理	活动订单例外条款
098	假设站主收到一个新码但未结算，更新状态应写站主提供、待验证。若已验证某套餐，需要保存日期、周期与脱敏结算结果；不能把一次有效扩展为所有套餐长期有效。	来源与核对日期	验证的具体套餐	实际抵扣证据
099	假设为满200减30购买200元年包，实际支付170元；但真正需求只需三个月25元月包，共75元。省下30元折扣不代表总体省钱，先比较满足同一需求的总支出。	真实使用周期	不参加活动的方案	折后总支出
100	假设办公任务包含会议、文档与大文件上传，应按关键性分组。先验证必须完成的会议和文件任务，再评估预算与备用切换；短时峰值速度不能替代一整场会议不中断的记录。	关键任务清单	可接受中断	备用恢复方式
101	假设两条路径吞吐都够用，其中一条经常出现延迟尖峰，会议体验仍可能不同。用摄像头、屏幕共享和实际时长测试，并记录卡顿与重连；不能仅按下载速度筛选会议方案。	延迟与波动	会议任务卡顿	上行与重连表现
102	假设检索与小文件下载每月20GB，后台云盘另用100GB。先把自动同步与真正检索需求分开，才能判断小套餐是否足够；访问成功率与响应体验仍需在常用目标上观察。	检索实际消耗	后台同步消耗	资料下载完成情况
103	假设2GB文件前30秒很快，随后中断，短时峰值无法说明完成能力。记录完整耗时、重试、断点续传与目标限制；重复传输应有明确验证目的，并计入测试预算。	文件规模与权限	完整耗时	中断和续传结果
104	假设业务必须用日本和美国出口，服务开放十个其他地区也不能替代必要覆盖。先验证两个关键地区的具体任务，再看备用节点与倍率；出口查询结果与平台地区功能分别记录。	必要出口地区	目标任务验证	各地区倍率与限制
105	假设手机在Wi-Fi正常、切到移动网络后需要重连，移动体验就要按两种网络分别记录。还要观察锁屏、后台与电量策略；桌面机固定网络的测试只能作为补充。	Wi-Fi和移动网络	锁屏后台行为	切换后恢复耗时
106	假设笔记本在家中成功，在酒店网络无法导入或连接，先记录网络接入与错误阶段。离开前保存可信入口和恢复步骤，切换后先做小任务验证；公共网络中的证书警告仍需查明原因。	地点与接入网络	切换后验证任务	登录域名与证书
107	假设最近半年只在三个周末使用，长周期方案可能增加闲置支出。按量包可提供跨周期余额，但需要明确有效期、账号保留与自动续费；不把想象中的未来需求当作既定用量。	最近使用次数	额度保留条件	最低购买与自动续费
108	假设家中五台设备但仅两台同时使用，容量规划与并发规则要分别考虑。路由器配置是否支持也不能从手机导入成功推断；共享账号许可应在服务条款中确认。	设备和并发数	合计任务流量	共享与路由器支持
109	假设备用账号一年没有打开，关键时刻可能已经到期或配置失效。定期以小任务确认登录、导入与切换步骤，并记录恢复耗时；两个品牌名字不同不证明故障来源独立。	备用有效期	切换与验证日期	故障独立性证据
110	假设某平台可以登录却无法播放指定内容，这不是完整地区功能通过。测试应注明账号条件、出口、日期和具体功能；历史成功只说明当时样本，不能作为持续解锁保证。	账号与出口条件	具体被测功能	测试日期与结果
111	假设榜首来自站主指定顺序，它表达推荐偏好，不能读成速度第一。先看每个品牌的套餐结构，再按自己的预算与必要地区筛选；性能比较只有在方法和数据可比时才成立。	榜单排序来源	套餐是否满足需求	实际性能证据
112	假设A为15元50GB、B为25元150GB，A月支出低，B标称单位价低，两种便宜定义不同。若每月需要100GB，A还需加购或升级，不能继续用15元直接参与最终成本比较。	月支出与单位价	需求所需档位	倍率和附加费用
113	假设稳定榜沿用品牌推荐顺序，没有连续样本，这只能作为待测候选。先公开观察窗口、网络分组、失败定义与恢复指标，再排序；样本不足的服务不能通过宣传标签补分。	连续样本	分组和成功定义	失败与恢复指标
114	假设比较表只有品牌、价格和星级，无法说明容量、周期或评分来源。把价格资料与实测区分，并给每项字段附日期；读者应能从表中找到具体套餐，而非抽象品牌起价。	具体套餐与周期	容量倍率设备限制	数据日期与来源
115	假设硬条件是月预算30元、日本出口、iOS兼容，任何一项不满足都先排除。剩余候选再比较费用与任务记录；总分很高也不能抵消必要条件缺失。	必要条件	可妥协条件	满足条件后的比较项
116	假设月付20元100GB、按量100元100GB，不能只看总价。将预计使用月份与消耗节奏写出来，再计算期间支出和余额；年额度不能被当作月额度放进同一列。	现金支出周期	额度重置窗口	使用节奏假设
117	假设节点倍率未知，不能当倍率1计算有效流量。可以展示已知价格，但暂停依赖倍率的单位成本排名；字段未知与数值为零应使用不同标记。	未知字段	对结论的影响	补齐来源与日期
118	假设一篇文章包含推广入口，它可能带来佣金，但这并不证明速度或隐私。公开利益关系与榜单依据，分别呈现可追溯资料和分析判断，让读者能够复核具体结论。	推广利益关系	排序决定方式	结论对应证据
119	假设面板名称改变，而套餐名、运营主体或账号规则未确认，就不能自动沿用旧测评。建立旧名、新名、确认渠道和日期的对应表，再迁移确实能对应的资料。	旧新名称与主体	确认渠道	可迁移的历史资料
120	假设结论写全国稳定，但只在一个地区测试一天，就超出了样本范围。复核时检查日期、环境、任务与失败样本，再按自己的网络做小范围验证；不以漂亮截图代替方法说明。	结论覆盖范围	样本实际范围	可重复的验证方法
121	假设品牌页改了价格，推荐专题仍用旧价，读者会看到矛盾。套餐应由同一资料源生成，更新时同时检查品牌、文章、榜单与来源日期；每次变更保留字段和原因，便于追溯。	更新字段与原因	同步受影响页面	来源和核对日期
