预算选择	便宜机场怎么选：先算实际月成本	标价低不等于总成本低。将开通费、续费、必要的流量加购和优惠后的实付金额放进同一张表，才能公平比较。	按你实际使用的月份分摊支出，而不是一律除以十二。季付只使用一个月时，闲置部分仍是成本。	先确定必需的地区、设备数和流量，再比较满足条件的套餐。缺少必要功能的低价套餐不属于同一组候选。
预算选择	月付与年付：如何衡量折扣和预付风险	年付折扣购买的是更长的服务承诺。价格优势必须与退款规则、闲置月份和服务变化一起考虑。	将年付实付除以预计使用月数，同时记录月付十二次的费用。不要把未知的未来优惠计入节省金额。	第一次接触服务时，短周期便于观察实际可用性。已经有连续使用记录，才有资料评估更长周期是否合适。
预算选择	低预算用户的套餐筛选顺序	先划定每月预算上限，避免优惠活动让你买下原本不需要的更大套餐。	把预算分为服务费和备用支出。只有在主套餐无法满足真实需求时，才考虑加购或第二个服务。	筛选时依次检查可用客户端、流量周期、设备限制和退款条款。价格排在这些硬条件之后。
预算选择	按量套餐与周期套餐的区别	按量套餐通常围绕总额度消费，周期套餐则同时约束时间和额度，具体到期方式必须查看服务条款。	记录购买日期、到期日期以及剩余额度是否结转。不能因为页面写着按量就假定永久有效。	有规律的每月使用适合按月测算；长时间闲置的用户应重点比较有效期和最低消费。
预算选择	套餐升级之前要检查哪些费用	升级可能涉及差价、周期重置和剩余额度处理。不要只比较两个套餐的标价差。	在确认页核对新的到期时间、获得的流量和原套餐如何处理，保存规则截图方便之后核对。	如果额度不足只发生一次，比较一次性加购与长期升级的总支出，再决定是否改变套餐。
预算选择	流量加购是否划算：用边际成本判断	额外流量的单价应以加购实付除以可增加的额度计算，而不是沿用原套餐均价。	先核对加购有效期是否与原套餐同步。临近到期时，即使单价低，也可能来不及使用。	如果连续数月都需要加购，重新评估基础套餐；偶发需求则适合保留灵活性。
预算选择	长期闲置的套餐为什么可能更贵	年付单价看起来低，但没有使用的月份不会自动产生价值，部分套餐也不结转流量。	记录过去三个月真正使用的天数和流量，将年付费用分摊到实际活跃月份。	如果需求集中在特定项目期间，比较短周期购买与长期保留的费用，不用假定未来持续高频使用。
预算选择	怎样识别低价宣传中的条件	低价可能仅适用于首购、年付、限定套餐或限量活动，宣传图不等于结算结果。	分别记录展示价格、原价、优惠条件和实际支付金额，留意自动续费是否恢复原价。	把不同币种、税费和付款手续费换算到统一口径后再排序，并注明换算日期。
预算选择	多人使用时怎样比较设备限制	设备数、同时连接数和账号共享规则不是同一件事。一个账号安装多台设备，不代表允许多人同时使用。	向服务方确认限制针对在线连接、登录设备还是用户数量，避免用节点数量推测设备额度。	比较套餐时同时考虑流量消耗与账号规则。没有明确允许共享时，不将共享作为省钱方案。
预算选择	试用套餐应该验证什么	试用的作用是检验真实使用条件，不是只跑一次速度测试。试用节点与正式套餐可能不同。	记录试用开放的地区、时段、速度限制和流量额度，核对与计划购买套餐是否一致。	安排至少一次你常用时段的真实任务，并保留失败情况；结果只适用于所测试的配置与时间。
预算选择	续费前怎样复盘套餐利用率	利用率是实际消耗除以可用额度，但低利用率本身不代表套餐没有价值。	同时记录闲置流量、超额次数、不可用时段和客服处理。将容量与服务质量分别评价。	下一周期依据稳定需求选择，不为偶发高峰长期购买过大额度，也不忽略关键任务的余量。
流量知识	GB与GiB：套餐流量单位怎么读	十进制GB与二进制GiB使用不同的换算基础。后台数字与设备统计不一致时，先核对单位。	询问服务方额度的计量方式和小数处理，避免把单位差异当作异常扣费。	用相同计量工具和固定小样本核对，保留时间及前后余额；单次误差不能直接证明后台问题。
流量知识	上传和下载是否都会扣流量	有些服务会合并上传与下载计费，实际规则应以套餐条款为准。	视频会议、文件同步和云备份包含上传，不能只看下载记录来估算额度。	关闭非必要后台任务，记录一次完整任务的前后余额，再与客户端统计比较。
流量知识	流量倍率如何影响套餐可用额度	若节点有计费倍率，标称流量与可传输数据量就可能不同，倍率必须按具体节点核对。	例如计费倍率为二时，同样传输量可能消耗两倍套餐额度；示例是计算演示，不代表某个品牌规则。	把常用节点的倍率列进预算表，不用低倍率节点的结果推算所有地区。
流量知识	月流量重置时间怎样确认	重置可能按自然月、购买日或服务方设定日期执行，不能只凭套餐名称判断。	核对后台下次重置时间及所用时区，记录剩余额度是否清零或结转。	临近重置时不必为了用完额度进行无意义下载；合理使用比表面利用率更重要。
流量知识	怎样估算在线视频的流量需求	视频消耗与实际码率、观看时间及缓存有关，分辨率只是影响因素之一。	用固定画质观看一段代表性内容，记录消耗后按预计时长估算，不套用所有平台通用的固定数字。	自动画质和预加载会改变结果，移动与桌面设备应分别观察。
流量知识	视频会议的流量怎么规划	会议的上行与下行都会消耗数据，人数、分辨率和屏幕共享会改变流量。	按真实会议设置测一次完整时段，记录摄像头、共享状态和参会人数。	为临时延长与重连留出余量，关键会议前核对剩余额度，避免在会中才发现套餐耗尽。
流量知识	云备份为什么容易耗尽流量	备份可能在后台持续上传，大型照片库和首次同步会显著增加消耗。	确认哪些应用经过代理，检查后台备份任务以及是否允许只在指定网络执行。	分开统计首次全量同步和日常增量，不用首次同步的峰值推算每个月需求。
流量知识	测速会消耗多少套餐额度	吞吐测速需要实际传输数据，重复测试会占用额度，测试持续时间与速率共同影响消耗。	测试前后核对余额，采用足以观察表现的最小样本，避免无目的循环测速。	将测试消耗从日常需求统计中单独列出，防止选套餐时高估实际业务流量。
流量知识	多设备流量应该怎样汇总	同一账号的设备可能共享额度，各设备统计口径又可能不同。	用服务后台作为套餐余额的记录来源，同时用设备统计定位主要消耗任务。	记录统计窗口和重置日期，避免把不同周期的电脑和手机数字直接相加。
流量知识	剩余流量能不能结转到下个月	能否结转属于套餐规则，没有明确说明时不能假定未用完的额度会保留。	核对结转上限、有效期和更换套餐后的处理方式，保存原条款。	比较价格时只计算规则明确允许保留且预计能用到的额度，不将理论余额当成实际价值。
流量知识	如何检查异常流量消耗	先排查更新、同步、备份和测速，再考虑统计延迟或服务计费异常。	保存开始与结束时间、设备列表、任务记录以及余额变化，暂停非必要后台流量后做小范围复测。	提交可复现的证据让客服核对，截图中遮盖账号和订阅密钥。
稳定性	稳定机场严选需要哪些证据	稳定性来自跨时段连续记录，不能用一次峰值测速或推荐顺序代替。	记录可用率、断线次数、恢复耗时与高峰任务完成情况，并给出样本周期。	不同地区与运营商分别评价。没有同口径资料时，列出候选与缺失项比强行排名更有价值。
稳定性	晚高峰测试怎么安排	先确定你实际使用的高峰窗口，再在相近时间重复同一任务，保持测试条件一致。	记录接入网络、节点、客户端版本和任务持续时间，白天表现作为对照。	遇到失败也要纳入样本，不能只保留成功截图；注明结论适用的日期。
稳定性	平均延迟和延迟波动谁更重要	平均延迟描述中心水平，波动描述体验是否一致，两项需要一起观察。	连续采样比单次数字更能看出尖峰，会议等实时任务还要结合真实卡顿记录。	比较时固定目标和测量方式；不同目标返回的延迟不能直接作为服务排名依据。
稳定性	丢包数据怎样解释	丢包率需要注明测试协议、目标与样本数，某种探测失败并不必然等于应用不可用。	将网络探测与实际网页或会议任务配对记录，检查目标是否限制探测请求。	持续异常时更换目标和接入网络做对照，区分服务链路与本地网络问题。
稳定性	连续可用率怎样计算	先定义一次探测成功的条件，再用成功样本除以总样本得到可用率。	说明采样间隔、观察时长和是否包含维护时间。更改规则后，旧数据需要重新标注。	报告百分比同时列出失败次数和最长连续中断，避免单个比例掩盖长时间故障。
稳定性	短时断线与长时间故障如何区分	两者影响不同，既要记录次数，也要记录每次中断持续时间。	利用带时间戳的日志建立事件清单，区分自动恢复、手动切换和联系客服恢复。	把恢复方式与实际任务影响写进结论，而不是只写稳定或不稳定。
稳定性	节点切换能否改善稳定性	切换可以避开某个节点问题，但不能保证上游线路、本地网络或账号问题同时解决。	先保留异常节点与时间，再切到同地区其他节点，必要时换地区做对照。	记录切换是否中断会话以及多久恢复，自动切换策略也应实际验证。
稳定性	运营商差异为什么影响测评	不同接入网络可能走不同路径，同一服务在不同地点的表现不一定相同。	记录地区、运营商、有线或无线连接，避免把一个人的结果概括为全国表现。	跨运营商比较时采用同时间窗口、同节点和同任务，明确仍存在无法控制的环境因素。
稳定性	无线网络问题怎样排除	无线信号、干扰和路由器负载可能造成卡顿，即使代理服务本身正常。	在同一设备上用有线或另一网络复测，先观察普通直连任务是否也出现异常。	保留距离、频段与同时在线设备信息，避免把本地瓶颈全部归因于节点。
稳定性	故障恢复时间如何记录	恢复时间需要明确起点和终点，发现故障的时间不一定是故障实际开始时间。	分别记录首次失败、首次恢复和连续正常的确认时间，避免一次成功就认定全面恢复。	服务方公告可补充原因，但不能替代你自己的观察；无法确定的时间标注为未知。
稳定性	怎样维护长期观察日志	固定少量代表性节点与真实任务，比每天随意换节点更容易比较趋势。	日志至少包括时间、环境、配置、结果和异常备注，变更套餐或版本时建立新阶段。	定期复盘连续中断和高峰表现，公开汇总时删除订阅链接、个人IP和账号信息。
测评方法	机场测评报告的基本结构	一份可复核报告应把购买信息、测试环境、方法、结果和限制分开呈现。	先说明套餐、购买日期、节点及客户端，再给原始样本与汇总指标，不用结论替代方法。	附上未完成项目与失败样本，并说明报告没有覆盖哪些地区、时段或用途。
测评方法	如何固定测速的测试环境	测试设备、网络、节点和目标变化都会影响结果，比较前应尽量固定。	关闭影响结果的大型后台任务，记录是否使用无线网络以及同时在线设备。	每次变化都写入日志，环境不同的样本分组展示，不混合成一个看似精确的均值。
测评方法	下载速度与带宽单位怎么换算	字节与比特的单位不同，MB每秒与Mbps不能直接按相同数字比较。	理论换算以每字节八比特为基础，实际传输还受协议开销及测量方式影响。	报告同时标明单位和测量工具，不将套餐宣传带宽当作实际可达到速度。
测评方法	为什么一次测速不能决定排名	一次结果只是某个时刻的样本，可能受到缓存、目标负载及本地任务影响。	在相同条件下采集多个时间窗口，报告分布和异常，而不只展示最好的数字。	排序之前定义指标与权重，缺失数据的品牌不参与该项排名。
测评方法	中位数与平均值怎样选择	少数极端值会改变平均值，中位数则更适合描述一组样本的典型水平。	同时展示样本数量和范围，必要时保留均值帮助观察总体变化。	先检查样本是否来自相同条件，不用统计方法掩盖混合环境造成的差异。
测评方法	真实任务测试如何设计	任务要来自读者的真实用途，例如加载页面、传输文件或参加会议。	固定任务规模、持续时间和成功条件，提前定义怎样记录超时与中断。	避免只选容易成功的目标，结果说明适用范围，不延伸到未测的平台。
测评方法	地区节点测试如何抽样	节点数量多不等于覆盖质量高，应按需要的地区选择代表性样本。	记录被测节点在该地区候选中的位置，说明是随机选取还是根据常用需求选取。	每个地区分别报告，不把一个节点的成绩代表整个国家或服务品牌。
测评方法	测评截图应包含什么信息	截图的价值是补充上下文，应显示测试时间、单位、目标和结果。	敏感信息必须遮盖，订阅令牌、支付信息和个人IP不应随截图公开。	保留原始记录用于复核，截图缺少环境信息时不要将其当作完整证据。
测评方法	怎样区分宣传参数与实测结果	官网宣传说明服务方承诺的配置，实测说明特定环境中观察到的行为。	分别设置官方资料与测试记录栏，价格、线路名称和测速数字都注明来源与日期。	来源冲突时说明差异并重新核查，不选择更好看的数字作为最终结论。
测评方法	测评评分权重如何公开	权重表达读者偏好，没有适用于所有用途的唯一正确权重。	将稳定、预算、流量和功能分开评分，说明如何归一化以及缺失数据怎样处理。	给读者查看原始指标的入口，允许看到总分背后的取舍，避免不透明的星级宣传。
测评方法	没有实测数据时怎样写评测	资料解读与实际体验应清楚区分，未知项目保持空缺或明确待核实。	可以整理用户提供的入口、优惠码和购买核对项，但不能编造速度、线路或解锁结论。	建立数据清单，补齐环境、日期与原始证据后再将资料页升级为实测报告。
线路知识	节点地区和真实出口地区的区别	节点名称是标签，实际出口需要通过可信目标验证，两者并不必然一致。	记录测试时间和出口查询结果，多来源结果不一致时保留差异。	仅靠节点名称无法判断内容平台认可的地区，也不能推断线路的物理路径。
线路知识	专线宣传应该核对哪些信息	专线是宽泛宣传术语，具体接入方式、覆盖范围与是否所有套餐适用需要证据。	向服务方核对哪些节点属于宣传范围，并确认是否存在高倍率或套餐限制。	即使线路资料明确，也应结合高峰任务观察，不把线路名称直接等同于稳定保证。
线路知识	直连与中转怎样做公平比较	路径不同并不自动决定体验优劣，实际接入环境和目标距离都可能影响结果。	选择同地区和相似任务进行对照，固定时段并记录出口及节点信息。	把延迟、波动、吞吐与可用性分别报告，避免用一个指标宣布所有用途的胜负。
线路知识	节点数量多意味着体验更好吗	数量反映选择范围，但不能代替每个节点的容量与可用性。	检查常用地区是否有替代节点，节点是否共享相同故障来源只能在有资料时说明。	比较实际可用节点和任务完成情况，不用面板里的总数量直接打分。
线路知识	出口IP变化会影响哪些任务	部分应用会根据登录地区或IP变化重新验证，具体行为由应用自身规则决定。	观察切换节点前后账号是否要求验证，不为了测试而频繁触发敏感登录。	需要保持会话时减少不必要切换，但不要假定固定节点一定拥有永久固定IP。
线路知识	IPv4与IPv6环境怎么记录	双栈网络可能让不同请求走不同路径，测试时需记录是否启用IPv6。	观察应用实际使用的协议族，客户端支持情况应以所用版本的文档为准。	遇到结果差异时分别测试两种环境，并保留原配置以便恢复。
线路知识	DNS结果为什么会影响访问	域名解析决定应用尝试连接的地址，解析失败和连接失败属于不同阶段。	先记录域名是否能解析，再检查返回地址是否可达，避免盲目更换所有配置。	不同解析模式需要与客户端规则配合，具体设置以官方文档和服务说明为准。
线路知识	规则分流与全局模式如何比较	规则分流根据条件选择路径，全局模式通常让受接管流量采用统一代理策略。	测试时明确哪些流量被客户端接管，系统代理未必覆盖所有应用。	根据具体任务检查实际路径，避免把界面开关名称当成所有流量都会经过的保证。
线路知识	UDP支持应该怎样确认	UDP是否可用取决于服务、协议、客户端与目标网络的组合。	只对需要UDP的真实任务做验证，记录协议及版本，不根据节点名称推断支持。	服务方没有明确说明时先标为待核实，连接失败时同时排查本地防火墙和目标限制。
线路知识	节点负载信息怎样使用	面板负载可能有更新延迟，指标定义也不一定跨品牌一致。	记录刷新时间与字段含义，将它作为选择线索，再用真实任务确认表现。	不要将两个服务的百分比直接排名，除非知道它们使用相同的计算基础。
线路知识	线路名称改变后怎样复测	改名可能只是标签变化，也可能伴随配置或路径调整，需要保留前后信息。	记录节点标识、出口和配置更新时间，以相同测试任务对照。	无法确认是否同一线路时，不把旧结果自动沿用到新名称下。
客户端	订阅链接与官网链接有什么区别	官网入口用于访问账号服务，订阅链接用于获取配置，两者用途和敏感程度不同。	订阅可能含有个人令牌，应当像密码一样保护，不放在公开文章或截图中。	本站品牌库保存的是站主提供的推广入口，不会索取或保存读者的订阅密钥。
客户端	导入订阅前需要检查什么	先核对客户端来源、版本以及服务方提供的配置格式，格式不一致可能导入失败。	仅从可信来源获取配置，不把私人订阅发送给不明转换网站。	导入后查看节点、规则和更新时间，先进行小范围连接测试再运行重要任务。
客户端	Windows客户端选择的核对项	客户端选择需要考虑官方来源、更新情况、支持的配置格式和使用方式。	检查系统代理与开机启动的关系，保留关闭代理后的网络恢复方法。	没有明确兼容资料时不承诺某个品牌支持全部客户端，先向服务方确认。
客户端	macOS客户端使用前的检查	确认应用来源与系统兼容性，权限请求应和实际网络功能对应。	区分系统代理与网络扩展模式，安装后先检查普通联网是否正常。	遇到旧版本配置不兼容，先查对应版本文档，不从不明渠道替换签名或证书。
客户端	Android后台连接如何观察	电池优化和后台限制可能影响持续连接，行为会因设备系统版本不同而变化。	记录锁屏前后连接是否保持，并检查客户端与系统的后台策略。	只给必要权限，不为了减少断线而关闭所有系统保护或安装来源不明的工具。
客户端	iOS配置兼容性怎么核对	客户端支持的格式和系统版本需要逐项确认，价格与功能以官方商店信息为准。	不要用其他系统的导入说明替代iOS步骤，先核对服务方是否提供适配说明。	导入后检查实际节点与规则，不分享账号、不安装来源不明的配置描述文件。
客户端	sing-box配置格式的基本认识	sing-box使用JSON配置，配置结构需要与实际版本相匹配。	官方配置文档提供字段说明与结构示例，服务订阅是否直接兼容仍由提供方确认。	修改前保存配置副本，出现错误时按日志定位字段，而不是随机删除内容。
客户端	Mihomo系客户端导入失败怎么排查	先区分无法下载订阅与配置内容无法解析，两种失败需要不同证据。	核对订阅是否有效、网络是否能访问以及所用版本支持的格式。	将错误文本脱敏后提供给客服，不在公开讨论区贴完整订阅链接。
客户端	客户端更新前怎样保留配置	版本更新可能改变配置兼容性，备份可以减少恢复成本。	导出配置并记录当前版本，敏感文件保存在受保护的位置，不上传公共仓库。	查看更新说明，更新后验证常用任务；需要回退时使用官方发布来源。
客户端	系统代理与TUN模式如何理解	系统代理通常依赖应用遵循代理设置，TUN模式使用虚拟网络接口接管流量，范围由配置决定。	是否支持与权限要求要查客户端官方文档，不能将模式名称视为全部应用必然兼容。	测试前记录原网络设置，遇到断网先恢复默认配置，再逐项排查。
客户端	如何安全地更换订阅地址	订阅地址可能因密钥重置或服务迁移而变化，更新应从已确认的账号后台获取。	替换前核对来源，完成后移除旧地址并验证更新成功。	怀疑旧密钥泄露时请求重置，删除聊天记录不能替代服务端令牌失效。
故障排查	官网打不开时先排查哪些步骤	官网访问失败与节点服务故障不同，先记录浏览器错误以及发生时间。	核对网址是否与已保存入口一致，尝试另一网络，查看是否有可信服务公告。	不要在相似域名输入密码；入口变更应通过可验证渠道确认。
故障排查	订阅更新失败的排查顺序	先检查链接是否过期或密钥被重置，再区分网络下载与内容解析阶段。	记录客户端版本、更新时间和脱敏错误信息，确认账号与套餐仍有效。	频繁重复刷新不一定解决问题，按错误类型逐项核对更容易找到原因。
故障排查	节点全部超时是否意味着停服	全部超时也可能由套餐失效、配置错误或接入网络问题引起。	先核对账号余额与有效期，再用已知正常网络和当前配置复测。	查看公告并保留失败时间，不凭一次超时就写成品牌停服结论。
故障排查	能连接却打不开网页怎么办	连接成功只表明某个阶段通过，域名解析、规则与目标服务仍可能失败。	分别验证普通网页和目标网页，记录是解析失败、连接超时还是应用拒绝。	每次只改一个设置，保留原配置，避免多项改动后无法判断哪项起作用。
故障排查	速度慢时如何定位瓶颈	速度受本地网络、服务链路与目标服务器共同影响，先确定慢发生在哪里。	用相同设备观察直连任务，再换节点和目标做有限对照。	记录时间和后台流量，避免把目标限速或无线拥塞误写为服务整体性能。
故障排查	客户端关闭后断网如何恢复	残留系统代理或网络接口设置可能让应用仍尝试通过已经关闭的客户端联网。	检查系统代理状态，按客户端官方说明恢复网络设置。	先保存当前配置再恢复默认值；不要运行来源不明的一键修复程序。
故障排查	证书错误应该怎样处理	证书警告可能来自时间不正确、域名不匹配或连接被干扰，需要查明原因。	先核对系统时间与访问域名，避免直接关闭证书验证继续登录。	持续异常时通过已确认渠道联系服务方，不提交密码或支付资料。
故障排查	规则更新后访问异常怎么办	规则变化可能改变某些域名的路径，先记录异常开始时间及更新版本。	对比旧规则与新规则中相关项目，查看客户端日志的实际匹配结果。	临时恢复已知正常配置后做小范围验证，不把整个规则文件随机清空。
故障排查	同一节点手机快电脑慢的原因	两台设备的网络接入、客户端版本和后台任务可能不同，不宜直接归因于节点。	让两台设备使用相同网络与目标，记录无线连接及代理模式。	分别排查安全软件、系统代理和大文件同步，逐项观察变化。
故障排查	联系客服时怎样整理故障资料	有时间、环境和复现步骤的问题描述，比一句不能用更容易得到有效回复。	提供脱敏错误、客户端版本、所用地区和尝试过的对照步骤。	不要发送密码、验证码或完整订阅令牌；客服需要账号识别信息时只提供必要范围。
故障排查	如何建立自己的故障复盘表	复盘表应记录现象、排查动作、结果与恢复时间，而不是只写最终猜测。	按本地网络、配置、服务与目标应用分类，无法确定的原因保留未知。	后续再次发生时复用已验证步骤，避免重复执行没有效果的操作。
安全隐私	订阅密钥泄露后应该做什么	订阅密钥可能允许他人读取你的连接配置，泄露后应优先使旧密钥失效。	在可信后台重置订阅或联系服务方确认，随后更新自己设备上的地址。	检查异常流量与设备记录，清理公开截图；删除帖子本身无法撤销已经复制的密钥。
安全隐私	官网入口怎样核对才可靠	推广链接是访问入口，不能单凭域名外观认定其归属。	在登录和付款前核对已确认的服务渠道、跳转地址和站点身份信息。	本站保存站主提供的入口及录入时间，入口真实性与变更仍需要持续复核。
安全隐私	为什么不应该公开个人配置	配置可能包含账号标识、订阅令牌和服务器凭据，公开会带来资源被使用的风险。	分享排错资料时删去敏感字段，用占位文本代替真实密钥。	保存到版本管理前检查文件，曾经提交的密钥需要重置，后续删除文件不等于移除历史。
安全隐私	测速截图的脱敏清单	截图可能暴露公网IP、账号名称、订阅地址与设备信息。	公开前检查地址栏、日志侧栏和文件名，必要时裁切并遮盖敏感区域。	保留私有原始记录方便复核，对外截图只展示验证结论所需的信息。
安全隐私	第三方订阅转换工具的注意事项	在线转换通常需要接触订阅内容，因此应评估工具来源与数据处理方式。	优先采用服务方明确支持的格式或可信本地工具，避免输入不明网站。	曾使用不可信转换服务时考虑重置订阅密钥，再检查设备配置。
安全隐私	支付前怎样核对订单信息	付款对象、套餐名称、周期和金额需要在最终订单上确认。	保存订单号及条款截图，检查是否有自动续费和额外费用。	不向陌生人发送支付验证码，遇到收款主体异常时先核实再继续。
安全隐私	客服请求敏感信息时如何判断	排查故障可能需要账号标识，但密码与一次性验证码通常不应被共享。	只通过已确认服务渠道沟通，先询问信息用途并提供必要的最小范围。	远程控制和未知程序可能暴露更多数据，采用可复现的文字步骤优先排查。
安全隐私	如何保存账号与优惠码	账号凭据与公开优惠码的敏感程度不同，建议分别管理。	密码使用受保护的密码管理方式，不写入公开文章、表格或代码。	优惠码记录来源、录入日期和适用条件，无法确认的条件保持待核实。
安全隐私	代理服务能否保证匿名	代理改变某些连接的路径，但账号登录、浏览器标识及服务日志仍可能识别用户。	不把使用代理等同于匿名保证，也不依据宣传语推断服务没有日志。	关注实际隐私条款、资料来源和个人数据暴露范围，未经审计的承诺单独标注。
安全隐私	隐私政策应关注哪些条款	重点核对收集的数据、用途、保存期限、共享对象与删除流程。	记录政策版本和发布日期，宣传页面没有说明的项目不能自行补全。	账号、付款与连接日志分别检查，资料不足时将隐私结论保持为未确认。
安全隐私	换设备后怎样清理旧配置	旧设备可能仍保存订阅令牌与账号会话，转让或弃用前应处理。	退出账号、删除配置并按系统说明清理个人数据，必要时重置密钥。	确认新设备正常后再停用旧配置，避免因清理顺序导致关键任务中断。
优惠活动	机场优惠码使用前的核对清单	优惠码文本可被复制，但有效期、套餐范围与折扣力度必须从结算页确认。	记录原价和输入码后的实付金额，核对是否仅限首购或特定周期。	本站展示站主提供的代码，不将未经验证的代码称为永久有效或保证可用。
优惠活动	首购优惠与续费优惠怎么区分	首购资格与续费资格属于不同规则，第一次享受折扣不代表下一次继续适用。	保存活动条款和订单金额，提前核对续费价格是否恢复原价。	用至少一个完整使用周期的费用比较套餐，不只按首月优惠价排序。
优惠活动	折扣码与推广链接能否叠加	推广入口与折扣码的用途不同，能否叠加由服务方结算规则决定。	从同一入口进入后核对最终订单，不根据链接包含code就推断已经减价。	无法确认时把叠加条件记为未知，不宣传没有证据的双重优惠。
优惠活动	优惠码失效时应该怎样处理	失效可能是过期、套餐不适用、资格不符或输入问题，先查看具体提示。	检查大小写、前后空格和适用周期，保存错误文本但遮盖账号信息。	通过可信客服确认活动状态，不为了尝试优惠反复创建账号。
优惠活动	百分比优惠与固定减免怎么比较	两种方式的实际收益取决于原订单金额及门槛，不能只看宣传数字。	分别计算最终支付金额，核对最低消费与最高减免上限。	以所需套餐做比较，不为达到满减门槛购买不需要的额外服务。
优惠活动	优惠券大小写与输入格式	服务方可能区分大小写，录入时保留提供的原始文本。	复制后检查前后空格，避免把标点或品牌名一起填入优惠框。	本站复制按钮只复制代码，生效与否仍以结算提示为准。
优惠活动	活动有效期怎样记录	开始和结束时间需要明确日期及服务方使用的时区。	只写限时不能告诉读者何时到期，应保留原公告及核对日期。	没有已确认时间时标注待核实，不能按照录入日期自行推算有效期。
优惠活动	不同付款方式是否影响优惠	支付通道手续费和活动规则可能改变最终成本，付款方式需要分别检查。	查看订单合计及实际付款页面，记录是否另收转换或通道费用。	对无法读取的费用保持未知，不把订单小计当作保证的最终扣款。
优惠活动	退款与优惠资格的关系	优惠订单可能有不同退款或资格规则，但具体限制必须有条款支持。	付款前核对退款范围、申请窗口和已用流量处理方式。	没有明确规则时询问客服并保存答复，不以其他品牌经验替代当前服务条款。
优惠活动	优惠信息更新应保留哪些证据	有效的更新记录包括来源、核对日期、适用套餐和实际结算结果。	保留脱敏截图及原公告，过期代码可以标记停用而不是悄悄改变历史。	若只收到代码没有测试，将状态设为待验证，不将资料录入等同于生效确认。
优惠活动	怎样避免为优惠而过度消费	活动只在你确实需要服务时才产生价值，折扣不应替代需求判断。	先制定预算和使用周期，再检查优惠是否降低同一需求的支出。	比较折后总额与短周期方案，考虑闲置月份和不能退款的预付金额。
使用场景	远程办公选择机场的核对顺序	远程办公更依赖任务连续性、必要地区和账号规则，而不是一次最高下载速度。	列出实际使用的会议与办公平台，确认组织网络政策后做代表性任务观察。	记录高峰会议的中断与恢复，保留允许使用的备用网络方案。
使用场景	视频会议更看重哪些网络指标	会议关注延迟、波动和持续可用性，上行质量也会影响发言与共享。	采用相同会议设置和时长做观察，记录音画卡顿而不只展示测速数字。	重要会议前检查额度和节点，不在会议中首次尝试未经验证的配置。
使用场景	文档检索用户如何控制套餐成本	轻量检索的需求与高清视频不同，先记录真实日常消耗。	关注网页加载与资料下载是否完成，流量额度过大不一定改善体验。	排除后台同步与测速消耗后估算基础需求，保留必要余量。
使用场景	大文件传输怎样设计验证任务	大文件需要关注持续吞吐、断线及是否能续传，短时速度峰值不足以判断。	使用有权访问的测试文件，记录大小、持续时间和目标服务限制。	测试会占用套餐额度，提前预算并避免反复传输无意义的大文件。
使用场景	多地区需求怎样选择节点覆盖	先列出必须访问的地区，再检查服务方提供的节点及实际出口。	每个关键地区至少验证一个代表性任务，不将地区数量当成覆盖质量评分。	区分偶尔需要与长期需要的地区，套餐限制与倍率分别记录。
使用场景	手机为主的用户应检查什么	移动用户可能频繁切换网络，需要关注重连、后台连接与流量统计。	分别在常用无线网络和移动网络观察，记录锁屏与切换后的任务结果。	避免把桌面环境测试直接作为手机体验结论，设备与系统版本要注明。
使用场景	笔记本移动办公的连接复核	不同地点的网络规则不同，已在家中验证的配置不能保证在外部网络表现一致。	切换地点后先完成小规模任务验证，记录接入网络与实际代理范围。	公共网络环境中核对访问域名与证书，不因连接问题忽略登录安全。
使用场景	偶尔使用的用户如何选周期	需求不规律时，应同时比较有效期、起购价格与流量是否保留。	根据最近几次实际任务估算，不把可能发生的需求全部计入容量。	确认闲置是否仍计费或自动续费，避免买下长周期后长期不用。
使用场景	家庭多设备需求如何整理	先区分设备数量与同时在线数量，检查服务条款是否允许预期使用方式。	记录各设备的主要任务和总消耗，路由器配置的支持情况需要单独确认。	不要在设备限制不明确时宣传一个账号覆盖全家，先取得规则依据。
使用场景	备用服务应怎样评估	备用方案的价值在于主服务异常时能够实际启用，需要定期小范围验证。	核对有效期、登录与配置是否仍可用，记录切换步骤和恢复耗时。	两个品牌是否共享故障来源不能凭名称判断，未确认时明确说明。
使用场景	平台地区功能如何核实	内容平台规则会变化，地区功能必须有测试日期与具体结果。	记录出口地区、账号条件和目标功能，登录与播放成功属于不同阶段。	本站没有实际测试记录时不写解锁保证，过去成功也不能承诺持续有效。
比较决策	机场推荐排行应怎样阅读	推荐顺序可能体现站主偏好，并不自动等于性能从高到低的排序。	先查看榜单的排序来源、更新时间和是否有测评证据，再决定是否适合个人需求。	本站机场推荐前十按站主指定顺序展示，价格与稳定性需要另看核实资料。
比较决策	便宜机场排行如何定义便宜	便宜要基于同周期、同有效流量和同费用口径比较。	将倍率、手续费、优惠资格及必需功能列入计算，缺失项不按零处理。	没有已确认套餐数据时不能给出客观低价前十，应先建立候选与资料清单。
比较决策	稳定机场排名如何避免误导	稳定排名需要同环境或明确分组的连续样本，不能把品牌推荐顺序直接复用。	公开测试周期、可用率、故障恢复和高峰表现，说明各指标权重。	缺少资料的候选保持待测状态，不填入虚构分数或未经观察的性能标签。
比较决策	品牌比较表应该有哪些字段	比较表需要名称、来源日期、套餐周期、流量、倍率、设备限制与实际金额。	把官方参数与实测指标分区，未知字段显示待核实而不是零。	读者应能追溯到来源或测试方法，避免只有结论没有依据。
比较决策	如何设置自己的选择优先级	把条件分成必须满足与可以妥协的两组，减少被宣传指标分散注意力。	必须条件可以是预算、地区、兼容性或连续任务要求，顺序由真实用途决定。	先排除不满足硬条件的服务，再在剩余候选中比较成本与体验证据。
比较决策	不同套餐怎样放在同一张表比较	套餐周期与额度不同会让直接比较标价失真，先统一成本窗口。	同时列出总实付、每月额度和有效期，按量套餐单独说明假定使用速度。	比较结论需要写出假设条件，换一种使用需求时应重新计算。
比较决策	未知数据在比较表中如何处理	未知不是零，也不是可以随意用行业平均值补齐的空格。	将字段标注待核实，并说明缺失是否影响排序，必要时暂不计入总分。	保留数据来源与最近核对日期，补齐后再更新结论与排名。
比较决策	推荐链接与编辑结论怎样区分	推广链接可能带来佣金，读者需要知道这种关系才能判断内容。	说明推荐顺序由谁决定，优惠码是否经过验证，以及测评是否实际完成。	佣金关系不构成性能证据，品牌详情应保留可追溯的资料与局限。
比较决策	品牌改名后资料怎样更新	名称变化不一定代表服务主体、套餐与账号规则都保持相同。	记录旧名称、新名称和确认渠道，对链接及条款逐项复核。	没有证据时不合并不同品牌的测评结果，也不把历史套餐当作当前价格。
比较决策	读者如何复核一份推荐结论	先看数据来源与时间，再检查结论是否超出了测试范围。	区分站主指定榜单、官方资料解读和实际体验，三类信息对应不同的证据强度。	按照自己的网络和用途做小范围验证，不把别人的单次成绩当成长期保证。
比较决策	建立可持续更新的品牌档案	品牌档案应保留当前资料和更新记录，使价格、链接和结论可以追溯。	每次更新注明日期、来源、字段及核对方式，敏感订单与订阅资料不公开。	资料变化后重新检查受影响的专题和文章，避免品牌页更新而榜单继续使用旧值。
